{
    "ambient_light": 0,
    "bed_works": true,
    "coordinate_scale": 1,
    "effects": "minecraft:overworld",
    "has_ceiling": false,
    "has_raids": true,
    "has_skylight": true,
    "infiniburn": "#minecraft:infiniburn_overworld",
    "monster_spawn_block_light_limit": 0,
    "monster_spawn_light_level": {
        "type": "minecraft:uniform",
        "max_inclusive": 7,
        "min_inclusive": 0
    },
    "natural": true,
    "piglin_safe": false,
    "respawn_anchor_works": false,
    "ultrawarm": false,
    "min_y": -64,
    "height": 1088,
    "logical_height": 1024
}
